{"cameraMode":{"drawMode":0,"name":"Shaded","section":"Shading Mode"},"sceneLighting":false,"audioPlay":false,"sceneViewState":{"m_AlwaysRefresh":false,"showFog":true,"showSkybox":false,"showFlares":true,"showImageEffects":true,"showParticleSystems":true,"showVisualEffectGraphs":true,"m_FxEnabled":true},"in2DMode":false,"pivot":{"x":-0.1831822395324707,"y":0.7156497240066528,"z":-0.41579723358154299},"rotation":{"x":0.020664121955633165,"y":0.9758186936378479,"z":-0.1900065690279007,"w":0.10609620809555054},"size":1.6059958934783936,"orthographic":false}